CV1,CV2,dom
0.101609837869433,0.10709719890939,DOM1
0.0871103934721938,0.0974391774990085,DOM2
0.0967491737982423,0.09691646989084,DOM3
0.108397516994922,0.100935852495717,DOM4
0.103097384861635,0.0988891165097183,DOM5
0.0967788812429128,0.10798179106909,DOM6
0.100595537637879,0.109313633487489,DOM7
