CV1,CV2,dom
0.00538617895504827,0.0736955178561817,DOM1
