CV1,CV2,dom
0.108588101507574,0.100977305252115,DOM1
0.103331709624801,0.0998119612393626,DOM2
0.0962310830498146,0.110839243059088,DOM3
