CV1,CV2,dom
0.102617952207014,0.0955635587411767,DOM1
0.0945396026828625,0.0943718684550964,DOM2
0.0998961891747018,0.0934877681705775,DOM3
