CV1,CV2,dom
0.108033095247096,0.105381498533711,DOM1
0.10274251539855,0.0918536119361055,DOM2
0.10438886229326,0.0898029249527591,DOM3
