CV1,CV2,dom
0.00566432049242211,0.0702992834182183,DOM1
