CV1,CV2,dom
0.103492947996465,0.100347469483903,DOM1
0.10459557628695,0.0943702182679385,DOM2
0.0940037679036395,0.0929315516212986,DOM3
