CV1,CV2,dom
0.106385762623437,0.0965537185063162,DOM1
0.0907219419216839,0.0920798929963492,DOM2
0.10025346714611,0.0967533926309057,DOM3
