CV1,CV2,dom
0.107590856734193,0.107636471323725,DOM1
0.098549909517615,0.0960284483845799,DOM2
0.0891029338013553,0.100445544681193,DOM3
