CV1,CV2,dom
0.0992421778445216,0.102707703343828,DOM1
0.0853280650801905,0.0978849761167349,DOM2
0.0956862794513123,0.0982612913399867,DOM3
