CV1,CV2,dom
0.0990569150028834,0.0974666506028954,DOM1
0.100419917203454,0.0971081295242886,DOM2
0.0898599298729953,0.100997463007376,DOM3
