CV1,CV2,CV3,dom
0.0109908876521803,0.0490471766018854,0.0275535324664753,DOM1
