CV1,CV2,dom
0.0984484903299506,0.0954964581465953,DOM1
0.10095883662594,0.092287632112897,DOM2
0.0987941064671807,0.0984413711961698,DOM3
