CV1,CV2,dom
0.10062419672423,0.1026014038594,DOM1
0.0988486751241709,0.0927068856165809,DOM2
0.106360074791361,0.0983880643916815,DOM3
