CV1,CV2,dom
0.100821889673927,0.102144579548257,DOM1
0.104784678094873,0.103029532740931,DOM2
0.109938928336805,0.0961701456518509,DOM3
