CV1,CV2,dom
0.104454147689917,0.0961199740864921,DOM1
0.0927935682840275,0.0955336044729299,DOM2
0.0998866535983275,0.105833152047361,DOM3
