CV1,CV2,dom
0.104044924457141,0.102591452542397,DOM1
0.102616979878502,0.107765397556932,DOM2
0.103191201872251,0.102016530523089,DOM3
