CV1,CV2,CV3,CV4,dom
0.0934911316257547,0.0851471513109392,0.0890890997347211,0.0877429567642011,DOM1
0.0778595862106859,0.082487630269298,0.0780749186504787,0.0806692012373923,DOM2
0.0679418613416024,0.0717795038339223,0.063605602683801,0.0830878323986201,DOM3
0.0745446610546219,0.0733599967574558,0.0748639072297032,0.0879615478013437,DOM4
0.0682735780031358,0.0764431365397074,0.0678215638464441,0.0764073952682497,DOM5
0.0689467903626085,0.0668448090593026,0.0716815571189326,0.0730944812803135,DOM6
0.0723265510929197,0.0740961588219388,0.0718502488213372,0.0761767097556239,DOM7
