CV1,CV2,dom
0.10193635083341,0.108690936201979,DOM1
0.107436526944568,0.0927599336414052,DOM2
0.10658284195332,0.0952964997981799,DOM3
