CV1,CV2,dom
0.0951675312049197,0.0386216031239572,DOM1
