CV1,CV2,dom
0.103699001801697,0.107759748302073,DOM1
0.100705147707674,0.0958036789700458,DOM2
0.104188351410243,0.09928885399236,DOM3
