CV1,CV2,dom
0.0935844655046204,0.104201553155293,DOM1
0.0988668066888986,0.100350141898919,DOM2
0.100544731074746,0.0466274164553121,DOM3
