CV1,CV2,CV3,CV4,dom
0.0501221261308477,0.0491263698281375,0.0502314526988107,0.0685744883673859,DOM1
