CV1,CV2,dom
0.0994066629279895,0.115911582141698,DOM1
0.115524547958445,0.0977881702572168,DOM2
0.0964557941271703,0.0922877140696301,DOM3
