CV1,CV2,CV3,dom
0.040370060449311,0.213411859807443,0.0993838598768612,DOM1
