CV1,CV2,dom
0.0519853536165028,0.0699902391607108,DOM1
