CV1,CV2,dom
0.103348429326272,0.102849929760697,DOM1
0.0972191076982846,0.0953773879798648,DOM2
0.104864300736202,0.107044010156774,DOM3
