CV1,CV2,dom
0.0915204909235056,0.0390062044615357,DOM1
