CV1,CV2,dom
0.106557104284578,0.0927564435353492,DOM1
0.0954787503909859,0.0882004054519951,DOM2
0.10563033144754,0.0944386617083708,DOM3
