CV1,CV2,CV3,CV4,dom
0.0501827377966204,0.0471667670023326,0.0519853536165028,0.0699902391607108,DOM1
