CV1,CV2,CV3,CV4,dom
0.0848130795330746,0.0809334808250663,0.0804021516688656,0.0903214459394939,DOM1
0.0692015869666573,0.0819932023996227,0.070505774235674,0.0822128504011428,DOM2
0.0858371750068763,0.0855690457480015,0.0899362148289596,0.0918160097428305,DOM3
0.0765049260661762,0.0719400669489647,0.0756917841292478,0.0961800043285707,DOM4
0.075448431002301,0.0750510479540389,0.0734723377148302,0.0778799976120507,DOM5
0.0875781046525457,0.0863463244330859,0.0872607266053634,0.079401966186309,DOM6
0.0722154011060748,0.0680902825335239,0.0648373035342381,0.0872558174007663,DOM7
