CV1,CV2,dom
0.09964516925227,0.097051116107058,DOM1
0.100473382055541,0.0968538505881818,DOM2
0.0943822015800132,0.0998691308777298,DOM3
