CV1,CV2,CV3,CV4,dom
0.0680682953076323,0.0697966572650884,0.0690583273691758,0.0724828319760324,DOM1
0.061755818796446,0.060653306328315,0.0648202513198652,0.0707160717499259,DOM2
0.0767649744494426,0.0762887452560448,0.074429812958548,0.0795449838852905,DOM3
0.0835602498266881,0.0838893045275493,0.0810425567885096,0.080455673400453,DOM4
0.086431486097776,0.0856364154610774,0.0800910707425539,0.0709184147524415,DOM5
0.0771212610005072,0.0762279692779416,0.0828223663801075,0.0885549244426222,DOM6
0.0734411260194089,0.0766884403030307,0.071965852560709,0.0814748674491135,DOM7
