CV1,CV2,dom
0.101608998473011,0.100821460725421,DOM1
0.104917478443635,0.0937804640558374,DOM2
0.110718602840849,0.10580938011326,DOM3
