CV1,CV2,dom
0.103372669123996,0.102583536260772,DOM1
0.10097902712978,0.0989534052479584,DOM2
0.0947349143968432,0.0990395550130282,DOM3
