CV1,CV2,CV3,CV4,dom
0.0932800698859071,0.0855500037452419,0.0840849913542694,0.0833583887448467,DOM1
0.0786997212626613,0.0784577898722972,0.0809332364032436,0.100002566864032,DOM2
0.086532728793568,0.0771516124505847,0.0850196755373086,0.10748667934549,DOM3
0.0587808298495897,0.0482026317865865,0.0560830626869324,0.0655768770971237,DOM4
0.0757655495242086,0.0704794294261144,0.0780164337350176,0.0792018735277749,DOM5
0.0801156612363444,0.0866623258532342,0.089079441658401,0.10259977525012,DOM6
0.0626061368432708,0.0647435623509626,0.0672233468373217,0.0803677815205665,DOM7
