CV1,CV2,CV3,CV4,dom
0.0729368893186665,0.069515272989908,0.072186605946287,0.0761556691941557,DOM1
0.0707780520172274,0.0719763530392856,0.0716777838174897,0.0836894985087198,DOM2
0.0751827590907859,0.0778019785310314,0.0762920206722348,0.0883135972603762,DOM3
0.071388813116597,0.0696895674052849,0.0733130741425019,0.0760176889122489,DOM4
0.0780575498693428,0.0825455367327965,0.0780725460798347,0.0776306177004607,DOM5
0.0792344771611468,0.0755285955171027,0.0797476510065802,0.0820707050026769,DOM6
0.0747314665405727,0.081450381288298,0.0783852052506124,0.099778663817798,DOM7
