CV1,CV2,dom
0.0950916277129894,0.10328605109269,DOM1
0.100404016797157,0.106456979275435,DOM2
0.102630999254658,0.054816471182861,DOM3
