CV1,CV2,dom
0.100912807218759,0.10445846063063,DOM1
0.0960167674918931,0.101167381440673,DOM2
0.0963103176420034,0.101018439300417,DOM3
