CV1,CV2,dom
0.106052519862559,0.102531905950836,DOM1
0.0869732826416061,0.106149123866179,DOM2
0.101621681234249,0.113855124442235,DOM3
