CV1,CV2,CV3,dom
0.0281253277301202,0.101434546198407,0.0482325104614501,DOM1
