CV1,CV2,dom
0.097973183090806,0.0920201607378982,DOM1
0.0960799093481316,0.0992177567008407,DOM2
0.10175594750442,0.0962639894190754,DOM3
