CV1,CV2,dom
0.102949440127776,0.102117803998565,DOM1
0.105209079627918,0.0961921872157024,DOM2
0.09664231622713,0.106901580169203,DOM3
