CV1,CV2,dom
0.110511802746406,0.10310671877997,DOM1
0.104894768802496,0.0991354947948597,DOM2
0.0923410151591414,0.101164982907308,DOM3
