CV1,CV2,dom
0.0879748481519719,0.103417659896393,DOM1
0.0984214433929823,0.108997830612606,DOM2
0.10383982041941,0.107647503660037,DOM3
