CV1,CV2,CV3,dom
0.00566401035979556,0.0502042861339301,0.0262548336414486,DOM1
