CV1,CV2,dom
0.101009997426452,0.0999571193051185,DOM1
0.0991681278179091,0.098710305161299,DOM2
0.0960342012265977,0.0975801581242898,DOM3
