CV1,CV2,dom
0.112312733421659,0.0961557717433627,DOM1
0.0977250918664321,0.0912047196224108,DOM2
0.101066183275531,0.0993232345604673,DOM3
