CV1,CV2,dom
0.104877911980561,0.100774191193106,DOM1
0.0998484875333587,0.0996480557855631,DOM2
0.102377147647082,0.103250279017603,DOM3
