CV1,CV2,dom
0.10042249436176,0.0997040367647709,DOM1
0.0973324040608403,0.0986638432897553,DOM2
0.10168848806164,0.0988701601688285,DOM3
