CV1,CV2,dom
0.104456670589454,0.104848364168096,DOM1
0.103762216215037,0.0922501080343728,DOM2
0.0963323425232757,0.101966477283582,DOM3
