CV1,CV2,CV3,CV4,dom
0.086497569471475,0.0859987797174852,0.0832348842414426,0.0835847352810129,DOM1
0.0882932766716747,0.0939852408945667,0.0890416936576068,0.096165847352199,DOM2
0.0614998467782687,0.0643926551484945,0.0679271336559394,0.0806029025612107,DOM3
0.0736227918289065,0.0620706493250931,0.0696525430623644,0.0793416545092293,DOM4
0.0797045004576618,0.0819342676976731,0.0779964277363321,0.0826789301403111,DOM5
0.0888791882463476,0.0791848932609322,0.0815582607499685,0.0835849290574019,DOM6
0.0747078446899576,0.065021390471345,0.0685045869735423,0.0709521458121867,DOM7
