CV1,CV2,CV3,dom
0.00621361121391327,0.0458202939732122,0.0277194335154516,DOM1
