CV1,CV2,CV3,CV4,dom
0.0689369517292412,0.06871936399389,0.0655907638262496,0.0711104161131541,DOM1
0.0713539512987289,0.0711556012651012,0.0711497678028099,0.0769886545625747,DOM2
0.0651916743731965,0.0613330459575052,0.0626965524856261,0.0696178098853925,DOM3
0.071979327451871,0.064821345036188,0.069274689434303,0.0710083534783612,DOM4
0.0854639105092826,0.0839981222710861,0.085288924475943,0.0849882221760573,DOM5
0.0701061035891606,0.0701613026000844,0.070684341051098,0.0756033793065282,DOM6
0.0644572035297613,0.0635645236273703,0.0676550259500663,0.0847601452599582,DOM7
