CV1,CV2,dom
0.0945850058655889,0.0979861967575473,DOM1
0.0991481869006458,0.0923403395334058,DOM2
0.098913178926793,0.0982915950879324,DOM3
