CV1,CV2,dom
0.0971982172662392,0.102531508729869,DOM1
0.0874891763795119,0.0993482730801146,DOM2
0.108986204111169,0.0973580050457473,DOM3
