CV1,CV2,dom
0.10278788541567,0.104121936347569,DOM1
0.0916158917723548,0.102289155095888,DOM2
0.0896193112964678,0.0675386783138185,DOM3
