CV1,CV2,dom
0.0965275343714777,0.0971858854703197,DOM1
0.0945290524752062,0.0970334782911606,DOM2
0.0964405623569491,0.0510100644758246,DOM3
