CV1,CV2,dom
0.104221380012726,0.0899309145297392,DOM1
0.101056042203753,0.0958114615336547,DOM2
0.106709319428398,0.105564545498799,DOM3
