CV1,CV2,dom
0.101177282953822,0.106399026807692,DOM1
0.0990437864728234,0.100006406387962,DOM2
0.103696180625884,0.113079392950283,DOM3
