CV1,CV2,dom
0.0962955195528777,0.104989100410373,DOM1
0.0997629656576111,0.0959604116625173,DOM2
0.0934540012338352,0.089701400660195,DOM3
