CV1,CV2,CV3,CV4,dom
0.0666690351227014,0.0680822863455252,0.0701049110533576,0.0692463776798847,DOM1
0.075804136223418,0.0792868215512482,0.0791884575910742,0.0832878926885476,DOM2
0.0679441529232762,0.0645607655443227,0.07321984471632,0.0839308114830853,DOM3
0.0781507669635967,0.0751600363312215,0.0816459613365578,0.078237983610232,DOM4
0.0765320441426371,0.0771057597067905,0.078246874900088,0.0794763706427777,DOM5
0.0846392917655389,0.0812166131181406,0.0825640626435341,0.0797743147057874,DOM6
0.0815888144419739,0.0822602711232026,0.0815987727109144,0.0964603481077993,DOM7
