CV1,CV2,CV3,dom
0.00553238742626376,0.0534494705161946,0.02991657338945,DOM1
