CV1,CV2,dom
0.108823422388078,0.100621725600293,DOM1
0.0935904809813208,0.101968903402542,DOM2
0.10903093536135,0.0950187041336104,DOM3
