CV1,CV2,dom
0.105685293338957,0.0992004079654026,DOM1
0.104190399115557,0.10117377118808,DOM2
0.102850037994012,0.10597752796952,DOM3
