CV1,CV2,CV3,dom
0.0971920822952481,0.0981981063160149,0.114275176591622,DOM1
