CV1,CV2,CV3,CV4,dom
0.0375832591133764,0.0468554559495414,0.0454479299829199,0.0626899261159994,DOM1
0.0622933299930003,0.0594425242291288,0.0674385441303044,0.08081856845293,DOM2
0.0673347623787802,0.0668321020834126,0.0629935715773244,0.0730423780516313,DOM3
0.0920030287277087,0.100650372075785,0.100389383309858,0.0822210055515761,DOM4
0.0531274165148647,0.0418719256953304,0.0497982391446721,0.0603311070587447,DOM5
0.0730701308369101,0.0797351875971879,0.0880105416003482,0.103520181575138,DOM6
0.0442223265638282,0.0448715877421972,0.0437200098633944,0.0706291894333574,DOM7
