CV1,CV2,dom
0.00850459981364621,0.0262492349434259,DOM1
